"namekey";"personalname";"gender";"ethnicity";"class";"personkey";"inscriptionkey";"corpusidnumber";"corpusname";"corpusidnumeric";"comment";"ethnicname";"groupnamecategory";"origin"
1417;"Python";"Male";"Greek";"Parent name";3880;2318;"7";"I Aeg Thrace";10007;"";"Akanthios";"City";"Greek"
689;"Filon";"Male";"Greek";"Personal name";3880;2318;"7";"I Aeg Thrace";10007;"";"Akanthios";"City";"Greek"
2176;"Markos";"Male";"Roman";"Parent name";3881;2323;"8";"I Aeg Thrace";10008;"";"Romaioi";"City";"Roman"
2176;"Markos";"Male";"Roman";"Personal name";3881;2323;"8";"I Aeg Thrace";10008;"";"Romaioi";"City";"Roman"
2324;"Ouallios";"Male";"Roman";"Personal name";3881;2323;"8";"I Aeg Thrace";10008;"";"Romaioi";"City";"Roman"
2330;"Apoustios";"Male";"Roman";"Personal name";3882;2329;"9";"I Aeg Thrace";10009;"";"Romaioi";"City";"Roman"
2173;"Gaios";"Male";"Roman";"Personal name";3882;2329;"9";"I Aeg Thrace";10009;"";"Romaioi";"City";"Roman"
2176;"Markos";"Male";"Roman";"Parent name";3882;2329;"9";"I Aeg Thrace";10009;"";"Romaioi";"City";"Roman"
2177;"Poplios";"Male";"Roman";"Personal name";3883;2329;"9";"I Aeg Thrace";10009;"";"Romaioi";"City";"Roman"
2177;"Poplios";"Male";"Roman";"Personal name";3883;2333;"10";"I Aeg Thrace";10010;"";"Romaioi";"City";"Roman"
2330;"Apoustios";"Male";"Roman";"Personal name";3883;2329;"9";"I Aeg Thrace";10009;"";"Romaioi";"City";"Roman"
2330;"Apoustios";"Male";"Roman";"Personal name";3883;2333;"10";"I Aeg Thrace";10010;"";"Romaioi";"City";"Roman"
2173;"Gaios";"Male";"Roman";"Parent name";3883;2329;"9";"I Aeg Thrace";10009;"";"Romaioi";"City";"Roman"
2173;"Gaios";"Male";"Roman";"Parent name";3883;2333;"10";"I Aeg Thrace";10010;"";"Romaioi";"City";"Roman"
820;"Hermonax";"Male";"Greek";"Personal name";3887;2343;"16";"I Aeg Thrace";10016;"";"Eurysthenides";"City";"Roman"
464;"Dionysas";"Male";"Greek";"Parent name";3887;2343;"16";"I Aeg Thrace";10016;"";"Eurysthenides";"City";"Roman"
1624;"Thaliarchos";"Male";"Greek";"Personal name";3924;2398;"58";"I Aeg Thrace";10058;"";"Athenaios";"City";"Greek"
3955;"Prax[iadas]";"Male";"Uncertain";"Parent name";3929;2400;"60";"I Aeg Thrace";10060;"";"Kyrenaios";"City";"Greek"
928;"Karnis";"Male";"Greek";"Personal name";3929;2400;"60";"I Aeg Thrace";10060;"";"Kyrenaios";"City";"Greek"
11;"Achilleus";"Male";"Greek";"Personal name";4017;2473;"89";"I Aeg Thrace";10089;"husband of Aurelia Kalliope, from Nikaia in Bithynia";"Neikaios";"City";"Greek"
2348;"Kassios";"Male";"Roman";"Personal name";4017;2473;"89";"I Aeg Thrace";10089;"husband of Aurelia Kalliope, from Nikaia in Bithynia";"Neikaios";"City";"Greek"
2173;"Gaios";"Male";"Roman";"Personal name";4021;2478;"93";"I Aeg Thrace";10093;"";"Lakem[onios]";"Region";"Uncertain"
2480;"Skreimbonios";"Male";"Uncertain";"Personal name";4021;2478;"93";"I Aeg Thrace";10093;"";"Lakem[onios]";"Region";"Uncertain"
1594;"Tarsas";"Male";"Thracian";"Parent name";4075;3233;"536";"IG Bulg 2";30536;"";"Pautaleotes";"City";"Roman"
1594;"Tarsas";"Male";"Thracian";"Personal name";4075;3233;"536";"IG Bulg 2";30536;"";"Pautaleotes";"City";"Roman"
399;"Demosthenes";"Male";"Greek";"Personal name";4077;2492;"103";"I Aeg Thrace";10103;"";"Abderites";"City";"Greek"
4076;"[?]los";"Male";"Greek";"Parent name";4077;2492;"103";"I Aeg Thrace";10103;"";"Abderites";"City";"Greek"
2501;"Niostratos?";"Male";"Greek";"Personal name";4086;2500;"110";"I Aeg Thrace";10110;"";"Paroites";"City";"Greek"
963;"Kikos";"Male";"Greek";"Personal name";4165;2575;"165";"I Aeg Thrace";10165;"";"Aiginetes";"City";"Greek"
702;"Frasidemos";"Male";"Greek";"Parent name";4165;2575;"165";"I Aeg Thrace";10165;"";"Aiginetes";"City";"Greek"
1671;"Timo";"Male";"Greek";"Personal name";4166;2577;"166";"I Aeg Thrace";10166;"";"Amfipolites";"City";"Greek"
1536;"Sopolis";"Male";"Greek";"Personal name";4167;2577;"166";"I Aeg Thrace";10166;"";"Amfipolites";"City";"Greek"
793;"Herakleitos";"Male";"Greek";"Personal name";4176;2611;"172";"I Aeg Thrace";10172;"";"Athenaios";"City";"Greek"
3891;"Unknown";"Ambiguous";"Uncertain";"Parent name";4176;2611;"172";"I Aeg Thrace";10172;"";"Athenaios";"City";"Greek"
1320;"Pausimachos";"Male";"Greek";"Personal name";4179;2616;"177";"I Aeg Thrace";10177;"";"Chalkedonios";"City";"Greek"
430;"Dieios";"Male";"Greek";"Parent name";4179;2616;"177";"I Aeg Thrace";10177;"";"Chalkedonios";"City";"Greek"
2177;"Poplios";"Male";"Roman";"Personal name";4180;2618;"178";"I Aeg Thrace";10178;"";"Romaioi";"City";"Roman"
2176;"Markos";"Male";"Roman";"Personal name";4180;2618;"178";"I Aeg Thrace";10178;"";"Romaioi";"City";"Roman"
4346;"[Ti]tana";"Female";"Uncertain";"Personal name";4348;2741;"221";"I Aeg Thrace";10221;"";"Thraika";"Tribe";"Thracian"
485;"Dizas";"Male";"Thracian";"Personal name";4468;3165;"511";"IG Bulg 2";30511;"";"Pautaleotes";"City";"Roman"
1192;"Moukases";"Male";"Thracian";"Parent name";4468;3165;"511";"IG Bulg 2";30511;"";"Pautaleotes";"City";"Roman"
462;"Dion";"Male";"Greek";"Parent name";4469;2819;"263";"I Aeg Thrace";10263;"";"Kres / Kretes";"Region";"Greek"
2821;"Sotadas";"Male";"Greek";"Personal name";4469;2819;"263";"I Aeg Thrace";10263;"";"Kres / Kretes";"Region";"Greek"
683;"Filippos";"Male";"Greek";"Parent name";4472;2822;"264";"I Aeg Thrace";10264;"";"Philippeus";"City";"Greek"
4471;"[P]tolema[s]";"Male";"Greek";"Personal name";4472;2822;"264";"I Aeg Thrace";10264;"";"Philippeus";"City";"Greek"
4437;"[?]os";"Male";"Uncertain";"Personal name";4474;2824;"265";"I Aeg Thrace";10265;"";"Lysimacheus";"City";"Greek"
182;"Ariston";"Male";"Greek";"Personal name";4475;2824;"265";"I Aeg Thrace";10265;"";"Lysimacheus";"City";"Greek"
1769;"Zotikos";"Male";"Greek";"Personal name";4698;3138;"391";"I Aeg Thrace";10391;"";"Peratikoi";"City";"Greek"
1616;"Teres";"Male";"Thracian";"Grandparent name";4706;3148;"396";"I Aeg Thrace";10396;"";"Maronitai";"City";"Greek"
654;"Ezbenis";"Male";"Thracian";"Parent name";4706;3148;"396";"I Aeg Thrace";10396;"";"Maronitai";"City";"Greek"
2189;"Aurelios";"Male";"Roman";"Personal name";4706;3148;"396";"I Aeg Thrace";10396;"";"Maronitai";"City";"Greek"
1021;"Kronion";"Male";"Greek";"Personal name";4706;3148;"396";"I Aeg Thrace";10396;"";"Maronitai";"City";"Greek"
141;"Apollonios";"Male";"Greek";"Personal name";4795;3436;"465";"I Aeg Thrace";10465;"";"Babylonios";"City";""
862;"Hyakinthos";"Male";"Greek";"Personal name";4798;3438;"466";"I Aeg Thrace";10466;"";"Zmyrnaios";"City";"Greek"
2659;"Markianos / Markeianos";"Male";"Roman";"Personal name";4835;3242;"540";"IG Bulg 2";30540;"";"Pautaleotes";"City";"Roman"
2287;"Dionysios";"Male";"Greek";"Parent name";4835;3242;"540";"IG Bulg 2";30540;"";"Pautaleotes";"City";"Roman"
2458;"Ioulios";"Male";"Roman";"Parent name";4839;3247;"544";"IG Bulg 2";30544;"";"Pautaleotes";"City";"Roman"
2677;"Preiskos";"Male";"Roman";"Personal name";4839;3247;"544";"IG Bulg 2";30544;"";"Pautaleotes";"City";"Roman"
451;"Diofanes";"Male";"Greek";"Parent name";4885;3560;"600";"IG Bulg 2";30600;"";"Neikaios";"City";"Greek"
22;"Agathodoros";"Male";"Greek";"Personal name";4885;3560;"600";"IG Bulg 2";30600;"";"Neikaios";"City";"Greek"
4986;"[Pr]okla";"Female";"Roman";"Personal name";4987;3656;"209 bis";"IG Bulg 1(2)";20209.2;"wife of Gaios Neikerotos
";"Neikomedoi";"City";"Greek"
2173;"Gaios";"Male";"Roman";"Parent name";4987;3656;"209 bis";"IG Bulg 1(2)";20209.2;"wife of Gaios Neikerotos
";"Neikomedoi";"City";"Greek"
2287;"Dionysios";"Male";"Greek";"Parent name";5083;2520;"13 bis";"IG Bulg 1(2)";20013.2;"";"Odessitai";"City";"Greek"
181;"Aristomenes";"Male";"Greek";"Personal name";5083;2520;"13 bis";"IG Bulg 1(2)";20013.2;"";"Odessitai";"City";"Greek"
2287;"Dionysios";"Male";"Greek";"Parent name";5086;2534;"13 ter";"IG Bulg 1(2)";20013.3;"";"Kallatianoi";"City";"Greek"
2287;"Dionysios";"Male";"Greek";"Personal name";5086;2534;"13 ter";"IG Bulg 1(2)";20013.3;"";"Kallatianoi";"City";"Greek"
90;"Anaxandros";"Male";"Greek";"Personal name";5312;2648;"19 bis";"IG Bulg 1(2)";20019.2;"";"Methymnaios";"City";"Greek"
762;"Hegesianax";"Male";"Greek";"Parent name";5312;2648;"19 bis";"IG Bulg 1(2)";20019.2;"";"Methymnaios";"City";"Greek"
898;"Kallikrates";"Male";"Greek";"Personal name";5317;2651;"21";"IG Bulg 1(2)";20021;"";"Taurios";"City";"Greek"
729;"Glykera";"Female";"Greek";"Parent name";5317;2651;"21";"IG Bulg 1(2)";20021;"";"Taurios";"City";"Greek"
804;"Hermafilos";"Male";"Greek";"Personal name";5348;2665;"25|5011 bis";"IG Bulg 1(2)";20025;"";"Kyzikenos";"City";"Greek"
687;"Filokrates";"Male";"Greek";"Personal name";5375;2772;"37";"IG Bulg 1(2)";20037;"";"Epidamnios";"City";"Greek"
1047;"Leonides";"Male";"Greek";"Parent name";5375;2772;"37";"IG Bulg 1(2)";20037;"";"Epidamnios";"City";"Greek"
2778;"Arnios";"Male";"Uncertain";"Parent name";5384;2777;"39|311";"IG Bulg 1(2)";20039;"";"Chersoneneites";"Region";"Greek"
335;"Chrestos";"Male";"Greek";"Personal name";5384;2777;"39|311";"IG Bulg 1(2)";20039;"";"Chersoneneites";"Region";"Greek"
213;"Asklepiodoros";"Male";"Greek";"Parent name";5387;2783;"41|5016";"IG Bulg 1(2)";20041;"";"Antiocheus";"City";"Greek"
809;"Hermeios";"Male";"Greek";"Personal name";5387;2783;"41|5016";"IG Bulg 1(2)";20041;"";"Antiocheus";"City";"Greek"
924;"Karidaba";"Female";"Thracian";"Partner name";5470;3586;"172|5047";"IG Bulg 1(2)";20172;"";"Chalkedonios";"City";"Greek"
613;"Euelpistos";"Male";"Greek";"Personal name";5470;3586;"172|5047";"IG Bulg 1(2)";20172;"";"Chalkedonios";"City";"Greek"
2237;"Kouartos";"Male";"Roman";"Parent name";5470;3586;"172|5047";"IG Bulg 1(2)";20172;"";"Chalkedonios";"City";"Greek"
212;"Asklepiades";"Male";"Greek";"Parent name";5522;2788;"43|5018";"IG Bulg 1(2)";20043;"";"Heraites";"City";"Greek"
1135;"Menogenes";"Male";"Greek";"Personal name";5522;2788;"43|5018";"IG Bulg 1(2)";20043;"";"Heraites";"City";"Greek"
319;"Chairion";"Male";"Greek";"Parent name";5528;2789;"43 bis|5019";"IG Bulg 1(2)";20043.2;"";"Tomeites";"City";"Greek"
5526;"A[rte/pe]mon";"Male";"Greek";"Personal name";5528;2789;"43 bis|5019";"IG Bulg 1(2)";20043.2;"";"Tomeites";"City";"Greek"
2176;"Markos";"Male";"Roman";"Personal name";5555;2916;"46|5021|5024 bis";"IG Bulg 1(2)";20046;"";"Athenaios";"City";"Greek"
2185;"Antonios";"Male";"Roman";"Personal name";5555;2916;"46|5021|5024 bis";"IG Bulg 1(2)";20046;"";"Athenaios";"City";"Greek"
399;"Demosthenes";"Male";"Greek";"Parent name";5726;3518;"139";"IG Bulg 1(2)";20139;"";"Herakleiotes";"City";"Greek"
2287;"Dionysios";"Male";"Greek";"Personal name";5726;3518;"139";"IG Bulg 1(2)";20139;"";"Herakleiotes";"City";"Greek"
137;"Apollofanes";"Male";"Greek";"Parent name";5746;3530;"144";"IG Bulg 1(2)";20144;"";"Herakleiotes";"City";"Greek"
657;"Fainippos";"Male";"Greek";"Personal name";5746;3530;"144";"IG Bulg 1(2)";20144;"";"Herakleiotes";"City";"Greek"
56;"Alexandros";"Male";"Greek";"Parent name";5757;3535;"147 bis|5043";"IG Bulg 1(2)";20147.2;"";"Byzantios";"City";"Greek"
338;"Chryseros";"Male";"Greek";"Personal name";5757;3535;"147 bis|5043";"IG Bulg 1(2)";20147.2;"";"Byzantios";"City";"Greek"
339;"Chrysin";"Female";"Greek";"Partner name";5835;3482;"112";"IG Bulg 1(2)";20112;"husband of Chrysin, daughter of Roufos";"Herakleiotes";"City";"Greek"
743;"Hadys";"Male";"Greek";"Personal name";5835;3482;"112";"IG Bulg 1(2)";20112;"husband of Chrysin, daughter of Roufos";"Herakleiotes";"City";"Greek"
794;"Herakleon";"Male";"Greek";"Parent name";5835;3482;"112";"IG Bulg 1(2)";20112;"husband of Chrysin, daughter of Roufos";"Herakleiotes";"City";"Greek"
5840;"[Dio]nysios";"Male";"Greek";"Parent name";5841;3389;"110 bis";"IG Bulg 1(2)";20110.2;"";"Herakleiotes";"City";"Greek"
3891;"Unknown";"Ambiguous";"Uncertain";"Personal name";5841;3389;"110 bis";"IG Bulg 1(2)";20110.2;"";"Herakleiotes";"City";"Greek"
1152;"Metrofanes";"Male";"Greek";"Personal name";5869;3373;"104";"IG Bulg 1(2)";20104;"";"Maronitai";"City";"Greek"
254;"Bakchios";"Male";"Greek";"Parent name";5869;3373;"104";"IG Bulg 1(2)";20104;"";"Maronitai";"City";"Greek"
727;"Glaukias";"Male";"Greek";"Personal name";6175;6173;"307 bis|5087";"IG Bulg 1(2)";20307.2;"";"Kallatianoi";"City";"Greek"
181;"Aristomenes";"Male";"Greek";"Parent name";6175;6173;"307 bis|5087";"IG Bulg 1(2)";20307.2;"";"Kallatianoi";"City";"Greek"
6177;"[?]stion";"Male";"Greek";"Personal name";6179;6176;"308";"IG Bulg 1(2)";20308;"";"Apolloniates";"City";"Greek"
1540;"Sosias";"Male";"Greek";"Parent name";6179;6176;"308";"IG Bulg 1(2)";20308;"";"Apolloniates";"City";"Greek"
906;"Kallippos";"Male";"Greek";"Personal name";6202;6200;"309";"IG Bulg 1(2)";20309;"";"Thessalos";"Tribe";"Greek"
1656;"Thersandridas";"Male";"Greek";"Parent name";6202;6200;"309";"IG Bulg 1(2)";20309;"";"Thessalos";"Tribe";"Greek"
6207;"De[?]tes";"Male";"Uncertain";"Personal name";6208;6205;"312";"IG Bulg 1(2)";20312;"";"Astai";"Tribe";"Thracian"
417;"Dezos";"Male";"Thracian";"Parent name";6208;6205;"312";"IG Bulg 1(2)";20312;"";"Astai";"Tribe";"Thracian"
2173;"Gaios";"Male";"Roman";"Parent name";6213;6210;"314a";"IG Bulg 1(2)";20314;"";"Romaioi";"City";"Roman"
2626;"Kornelios";"Male";"Roman";"Personal name";6213;6210;"314a";"IG Bulg 1(2)";20314;"";"Romaioi";"City";"Roman"
2173;"Gaios";"Male";"Roman";"Personal name";6213;6210;"314a";"IG Bulg 1(2)";20314;"";"Romaioi";"City";"Roman"
727;"Glaukias";"Male";"Greek";"Personal name";6226;6224;"315|5092";"IG Bulg 1(2)";20315;"";"Athenaios";"City";"Greek"
6236;"No[?]";"Male";"Uncertain";"Parent name";6235;6234;"319|368";"IG Bulg 1(2)";20319;"";"Apolloniates";"City";"Greek"
1642;"Theodotos";"Male";"Greek";"Personal name";6235;6234;"319|368";"IG Bulg 1(2)";20319;"";"Apolloniates";"City";"Greek"
6237;"M[?]";"Male";"Uncertain";"Parent name";6238;6234;"319|368";"IG Bulg 1(2)";20319;"";"Apolloniates";"City";"Greek"
1366;"Polyxenos";"Male";"Greek";"Personal name";6238;6234;"319|368";"IG Bulg 1(2)";20319;"";"Apolloniates";"City";"Greek"
56;"Alexandros";"Male";"Greek";"Personal name";6239;6234;"319|368";"IG Bulg 1(2)";20319;"";"Makedones";"Tribe";"Greek"
3891;"Unknown";"Ambiguous";"Uncertain";"Parent name";6418;6416;"338 bis|5114";"IG Bulg 1(2)";20338.2;"";"Byzantios";"City";"Greek"
6417;"Polykrat[e or es]";"Ambiguous";"Greek";"Personal name";6418;6416;"338 bis|5114";"IG Bulg 1(2)";20338.2;"";"Byzantios";"City";"Greek"
2287;"Dionysios";"Male";"Greek";"Personal name";6449;6447;"343 bis";"IG Bulg 1(2)";20343.2;"";"Herakleotes";"City";"Greek"
129;"Apellas";"Male";"Greek";"Parent name";6449;6447;"343 bis";"IG Bulg 1(2)";20343.2;"";"Herakleotes";"City";"Greek"
1319;"Pausanias";"Male";"Greek";"Personal name";6518;6516;"349 ter|5125";"IG Bulg 1(2)";20349.3;"Peukolaotis (?), may mean ""from Peukolatis"", city near Peshavar (India)";"Makedones";"Tribe";"Greek"
6928;"Eptaitralis";"Male";"Thracian";"Personal name";6929;6905;"1593";"IG Bulg 3,2";51593;"";"Ergissenoi";"Village";"Thracian"
1196;"Moukianos";"Male";"Thracian";"Personal name";7275;7272;"1641";"IG Bulg 3,2";51641;"";"Pannonioi";"Region";"Uncertain"
1430;"Rodode";"Female";"Greek";"Personal name";7298;7289;"1649";"IG Bulg 3,2";51649;"";"Bithynoi";"Region";"Uncertain"
1640;"Theodoros";"Male";"Greek";"Personal name";7698;7696;"891";"IG Bulg 3,1";40891;"";"Kymaios";"City";"Greek"
2189;"Aurelios";"Male";"Roman";"Personal name";7698;7696;"891";"IG Bulg 3,1";40891;"";"Kymaios";"City";"Greek"
310;"Brinkazereris";"Male";"Thracian";"Parent name";7780;7601;"1690|1586|5601";"IG Bulg 3,2";51690;"";"[?]arakoi";"";"Uncertain"
423;"Diaskouporis";"Male";"Thracian";"Personal name";7780;7601;"1690|1586|5601";"IG Bulg 3,2";51690;"";"[?]arakoi";"";"Uncertain"
532;"Dytoutralis";"Male";"Thracian";"Personal name";7820;7601;"1690|1586|5601";"IG Bulg 3,2";51690;"";"Trazyres";"";"Uncertain"
497;"Doles";"Male";"Thracian";"Parent name";7820;7601;"1690|1586|5601";"IG Bulg 3,2";51690;"";"Trazyres";"";"Uncertain"
7965;"Poulydamas";"Male";"Greek";"Personal name";7967;7962;"920";"IG Bulg 3,1";40920;"";"Frygios";"Region";""
141;"Apollonios";"Male";"Greek";"Personal name";7991;7994;"378|5135";"IG Bulg 1(2)";20378;"";"Bizyenos";"City";"Greek"
578;"Eptaikenthos";"Male";"Thracian";"Parent name";7991;7994;"378|5135";"IG Bulg 1(2)";20378;"";"Bizyenos";"City";"Greek"
7990;"Leonto";"Female";"Greek";"Partner name";7991;7994;"378|5135";"IG Bulg 1(2)";20378;"";"Bizyenos";"City";"Greek"
2243;"Ouales";"Male";"Roman";"Personal name";8459;8456;"1809";"IG Bulg 3,2";51809;"";"Dysyrenos";"Village";"Thracian"
2211;"Flabios (Flaouios, Flavios)";"Male";"Roman";"Personal name";8459;8456;"1809";"IG Bulg 3,2";51809;"";"Dysyrenos";"Village";"Thracian"
714;"Genikeilas";"Male";"Thracian";"Parent name";8467;8464;"1811";"IG Bulg 3,2";51811;"";"Geupasenos";"Village";"Thracian"
8466;"Sountous";"Male";"Thracian";"Personal name";8467;8464;"1811";"IG Bulg 3,2";51811;"";"Geupasenos";"Village";"Thracian"
135;"Apollodoros";"Male";"Greek";"Personal name";8514;8511;"1829";"IG Bulg 3,2";51829;"";"Bosagyrenos";"Village";"Thracian"
1427;"Reskouporis";"Male";"Thracian";"Parent name";8514;8511;"1829";"IG Bulg 3,2";51829;"";"Bosagyrenos";"Village";"Thracian"
1762;"Zopyros";"Male";"Greek";"Parent name";8680;8678;"416";"IG Bulg 1(2)";20416;"";"Phygeleus";"City";"Greek"
841;"Heroxenos";"Male";"Greek";"Personal name";8680;8678;"416";"IG Bulg 1(2)";20416;"";"Phygeleus";"City";"Greek"
2664;"Pompeios";"Male";"Roman";"Personal name";8920;8921;"1909";"IG Bulg 4";61909;"";"Montanos";"City";"Thracian"
2664;"Pompeios";"Male";"Roman";"Personal name";8920;9034;"1926|5676";"IG Bulg 4";61926;"";"Montanos";"City";"Thracian"
2664;"Pompeios";"Male";"Roman";"Personal name";8920;8917;"1908";"IG Bulg 4";61908;"";"Montanos";"City";"Thracian"
2211;"Flabios (Flaouios, Flavios)";"Male";"Roman";"Personal name";8920;8921;"1909";"IG Bulg 4";61909;"";"Montanos";"City";"Thracian"
2211;"Flabios (Flaouios, Flavios)";"Male";"Roman";"Personal name";8920;9034;"1926|5676";"IG Bulg 4";61926;"";"Montanos";"City";"Thracian"
2211;"Flabios (Flaouios, Flavios)";"Male";"Roman";"Personal name";8920;8917;"1908";"IG Bulg 4";61908;"";"Montanos";"City";"Thracian"
2185;"Antonios";"Male";"Roman";"Personal name";8939;8934;"1912";"IG Bulg 4";61912;"";"Amaseus";"";"Uncertain"
8946;"[T]arsas";"Male";"Uncertain";"Personal name";8948;8945;"1916|5670";"IG Bulg 4";61916;"";"Strymonios";"Region";"Thracian"
2188;"Aurelia";"Female";"Roman";"Personal name";9024;9010;"1925|5675";"IG Bulg 4";61925;"";"Pontiane";"Region";"Uncertain"
1019;"Krinomenes";"Male";"Greek";"Partner name";9102;9100;"459";"IG Bulg 1(2)";20459;"";"Amfipolites";"City";"Greek"
385;"Deme";"Female";"Greek";"Personal name";9102;9100;"459";"IG Bulg 1(2)";20459;"";"Amfipolites";"City";"Greek"
176;"Aristokles";"Male";"Greek";"Parent name";9102;9100;"459";"IG Bulg 1(2)";20459;"";"Amfipolites";"City";"Greek"
1697;"Tyrannos";"Male";"Greek";"Parent name";9128;9126;"1955|5680";"IG Bulg 4";61955;"";"Neikaios";"City";"Greek"
438;"Dilaes/Dilles";"Male";"Thracian";"Personal name";9128;9126;"1955|5680";"IG Bulg 4";61955;"";"Neikaios";"City";"Greek"
177;"Aristokrates";"Male";"Greek";"Parent name";9130;9129;"1956";"IG Bulg 4";61956;"";"Neikaios";"City";"Greek"
177;"Aristokrates";"Male";"Greek";"Personal name";9130;9129;"1956";"IG Bulg 4";61956;"";"Neikaios";"City";"Greek"
2287;"Dionysios";"Male";"Greek";"Personal name";9496;9493;"1067";"IG Bulg 3,1";41067;"";"Apolloniates";"City";"Greek"
9495;"Diotrefes";"Male";"Greek";"Personal name";9496;9493;"1067";"IG Bulg 3,1";41067;"";"Apolloniates";"City";"Greek"
1757;"Zoilos";"Male";"Greek";"Personal name";9619;9618;"1008";"IG Bulg 3,1";41008;"";"Neikomedoi";"City";"Greek"
2176;"Markos";"Male";"Roman";"Parent name";9619;9618;"1008";"IG Bulg 3,1";41008;"";"Neikomedoi";"City";"Greek"
1611;"Telesforos";"Male";"Greek";"Personal name";9621;9620;"1009";"IG Bulg 3,1";41009;"";"Neikomedoi";"City";"Greek"
1150;"Metrodoros";"Male";"Greek";"Parent name";9621;9620;"1009";"IG Bulg 3,1";41009;"";"Neikomedoi";"City";"Greek"
2181;"Ailios";"Male";"Roman";"Personal name";9629;9627;"1013";"IG Bulg 3,1";41013;"ho Thyateirenos";"Sardianoi";"City";"Uncertain"
4580;"Epafrodeitos";"Male";"Greek";"Personal name";9629;9627;"1013";"IG Bulg 3,1";41013;"ho Thyateirenos";"Sardianoi";"City";"Uncertain"
922;"Kardenthes";"Male";"Thracian";"Parent name";10149;10146;"1420|5523";"IG Bulg 3,1";41420;"";"Assyrios";"Region";""
2234;"Klaudianos";"Male";"Roman";"Personal name";10149;10146;"1420|5523";"IG Bulg 3,1";41420;"";"Assyrios";"Region";""
2176;"Markos";"Male";"Roman";"Personal name";10149;10146;"1420|5523";"IG Bulg 3,1";41420;"";"Assyrios";"Region";""
1125;"Menemachos";"Male";"Greek";"Grandparent name";10149;10146;"1420|5523";"IG Bulg 3,1";41420;"";"Assyrios";"Region";""
1197;"Moukinos";"Male";"Thracian";"Personal name";10233;10230;"1303";"IG Bulg 3,1";41303;"";"Philippopoleites";"City";"Greek"
10260;"[Au]loumenes";"Male";"Thracian";"Personal name";10261;10259;"1316|5493 bis";"IG Bulg 3,1";41316;"";"Serdai";"Tribe";"Thracian"
2462;"Longeinos";"Male";"Roman";"Personal name";10322;10317;"1340";"IG Bulg 3,1";41340;"";"Bourdapenos";"Village";"Thracian"
10325;"Eptelos";"Male";"Thracian";"Parent name";10326;10324;"1341";"IG Bulg 3,1";41341;"";"Bourdapenos";"Village";"Thracian"
1599;"Tatazia";"Female";"Thracian";"Personal name";10326;10324;"1341";"IG Bulg 3,1";41341;"";"Bourdapenos";"Village";"Thracian"
1195;"Moukazenis";"Male";"Thracian";"Parent name";10653;10651;"2194";"IG Bulg 4";62194;"";"Stronylenos";"Village";"Thracian"
6097;"[?]as";"Ambiguous";"Uncertain";"Personal name";10653;10651;"2194";"IG Bulg 4";62194;"";"Stronylenos";"Village";"Thracian"
313;"Brisoulas";"Male";"Thracian";"Personal name";10933;10931;"2251|5879";"IG Bulg 4";62251;"";"Petradenos";"Village";"Uncertain"
2189;"Aurelios";"Male";"Roman";"Personal name";11149;11095;"1517|5550";"IG Bulg 3,1";41517;"";"Syros";"Region";"Uncertain"
11134;"Ason";"Male";"Uncertain";"Parent name";11149;11095;"1517|5550";"IG Bulg 3,1";41517;"";"Syros";"Region";"Uncertain"
118;"Antigonos";"Male";"Greek";"Personal name";11612;11611;"5003";"IG Bulg 5";75003;"";"Makedones";"Tribe";"Greek"
793;"Herakleitos";"Male";"Greek";"Parent name";11612;11611;"5003";"IG Bulg 5";75003;"";"Makedones";"Tribe";"Greek"
1368;"Pontikos";"Male";"Greek";"Parent name";11711;11708;"5068";"IG Bulg 5";75068;"";"Amastrianos";"City";"Greek"
11709;"Holokalos";"Male";"Greek";"Personal name";11711;11708;"5068";"IG Bulg 5";75068;"";"Amastrianos";"City";"Greek"
2176;"Markos";"Male";"Roman";"Personal name";11810;11808;"5134";"IG Bulg 5";75134;"";"Anchialeos/oi";"City";"Greek"
389;"Demetrianos";"Male";"Greek";"Personal name";11908;11907;"5244";"IG Bulg 5";75244;"";"Sousionos";"City";""
7929;"Sousion";"Male";"Greek";"Parent name";11908;11907;"5244";"IG Bulg 5";75244;"";"Sousionos";"City";""
11909;"Monteias";"Male";"Uncertain";"Parent name";11910;11907;"5244";"IG Bulg 5";75244;"";"Monteianos";"City";"Roman"
2185;"Antonios";"Male";"Roman";"Personal name";11910;11907;"5244";"IG Bulg 5";75244;"";"Monteianos";"City";"Roman"
796;"Heraklianos / Herakleianos";"Male";"Greek";"Personal name";11916;11907;"5244";"IG Bulg 5";75244;"";"Sousionos";"City";""
7929;"Sousion";"Male";"Greek";"Parent name";11916;11907;"5244";"IG Bulg 5";75244;"";"Sousionos";"City";""
2178;"Tiberios";"Male";"Roman";"Personal name";11923;11907;"5244";"IG Bulg 5";75244;"";"Oulpianoi Anchialeoi";"City";"Greek"
2196;"Klaudios";"Male";"Roman";"Personal name";11923;11907;"5244";"IG Bulg 5";75244;"";"Oulpianoi Anchialeoi";"City";"Greek"
1239;"Nikomachos";"Male";"Greek";"Personal name";12220;12146;"62";"Perinthos-Herakleia";80062;"";"Byzantios";"City";"Greek"
1576;"Straton";"Male";"Greek";"Parent name";12220;12146;"62";"Perinthos-Herakleia";80062;"";"Byzantios";"City";"Greek"
1545;"Sosos";"Male";"Greek";"Parent name";12230;12147;"63";"Perinthos-Herakleia";80063;"";"Rhamnousios";"City";"Greek"
12228;"[?]ona[?]";"Ambiguous";"Uncertain";"Personal name";12230;12147;"63";"Perinthos-Herakleia";80063;"";"Rhamnousios";"City";"Greek"
12232;"Nomenaios";"Male";"Greek";"Parent name";12233;12147;"63";"Perinthos-Herakleia";80063;"";"Kres / Kretes";"Region";"Greek"
969;"Kleanor";"Male";"Greek";"Personal name";12233;12147;"63";"Perinthos-Herakleia";80063;"";"Kres / Kretes";"Region";"Greek"
2211;"Flabios (Flaouios, Flavios)";"Male";"Roman";"Personal name";12377;12375;"91";"Perinthos-Herakleia";80091;"";"Perinthioi";"City";"Greek"
7762;"Sekoundos";"Male";"Roman";"Personal name";12377;12375;"91";"Perinthos-Herakleia";80091;"";"Perinthioi";"City";"Greek"
2179;"Titos";"Male";"Roman";"Personal name";12377;12375;"91";"Perinthos-Herakleia";80091;"";"Perinthioi";"City";"Greek"
2189;"Aurelios";"Male";"Roman";"Personal name";12435;12390;"104";"Perinthos-Herakleia";80104;"";"Perinthioi";"City";"Greek"
2176;"Markos";"Male";"Roman";"Personal name";12435;12390;"104";"Perinthos-Herakleia";80104;"";"Perinthioi";"City";"Greek"
56;"Alexandros";"Male";"Greek";"Personal name";12435;12390;"104";"Perinthos-Herakleia";80104;"";"Perinthioi";"City";"Greek"
643;"Eutyches";"Male";"Greek";"Parent name";12435;12390;"104";"Perinthos-Herakleia";80104;"";"Perinthioi";"City";"Greek"
10356;"Petronia";"Female";"Roman";"Partner name";12492;12476;"127";"Perinthos-Herakleia";80127;"";"Perinthioi";"City";"Greek"
2176;"Markos";"Male";"Roman";"Personal name";12492;12476;"127";"Perinthos-Herakleia";80127;"";"Perinthioi";"City";"Greek"
2189;"Aurelios";"Male";"Roman";"Personal name";12492;12476;"127";"Perinthos-Herakleia";80127;"";"Perinthioi";"City";"Greek"
2412;"Oulpios";"Male";"Roman";"Personal name";12492;12476;"127";"Perinthos-Herakleia";80127;"";"Perinthioi";"City";"Greek"
12491;"Atilianos";"Male";"Roman";"Personal name";12492;12476;"127";"Perinthos-Herakleia";80127;"";"Perinthioi";"City";"Greek"
8137;"Klaudia";"Female";"Roman";"Partner name";12502;12496;"130";"Perinthos-Herakleia";80130;"";"Perinthioi";"City";"Greek"
2189;"Aurelios";"Male";"Roman";"Personal name";12502;12496;"130";"Perinthos-Herakleia";80130;"";"Perinthioi";"City";"Greek"
12501;"Eraseinos";"Male";"Roman";"Personal name";12502;12496;"130";"Perinthos-Herakleia";80130;"";"Perinthioi";"City";"Greek"
12501;"Eraseinos";"Male";"Roman";"Parent name";12502;12496;"130";"Perinthos-Herakleia";80130;"";"Perinthioi";"City";"Greek"
12506;"Synforos";"Male";"Greek";"Parent name";12507;12497;"131";"Perinthos-Herakleia";80131;"";"Perinthioi";"City";"Greek"
2188;"Aurelia";"Female";"Roman";"Partner name";12507;12497;"131";"Perinthos-Herakleia";80131;"";"Perinthioi";"City";"Greek"
643;"Eutyches";"Male";"Greek";"Personal name";12507;12497;"131";"Perinthos-Herakleia";80131;"";"Perinthioi";"City";"Greek"
2189;"Aurelios";"Male";"Roman";"Personal name";12507;12497;"131";"Perinthos-Herakleia";80131;"";"Perinthioi";"City";"Greek"
755;"Hedys";"Female";"Greek";"Parent name";12556;12543;"144";"Perinthos-Herakleia";80144;"";"Neikomedoi";"City";"Greek"
755;"Hedys";"Female";"Greek";"Personal name";12556;12543;"144";"Perinthos-Herakleia";80144;"";"Neikomedoi";"City";"Greek"
2361;"Roufeinos";"Male";"Roman";"Personal name";12593;12568;"154";"Perinthos-Herakleia";80154;"";"Perinthioi";"City";"Greek"
2189;"Aurelios";"Male";"Roman";"Personal name";12593;12568;"154";"Perinthos-Herakleia";80154;"";"Perinthioi";"City";"Greek"
7667;"Asklepiodotianos";"Male";"Greek";"Personal name";12593;12568;"154";"Perinthos-Herakleia";80154;"";"Perinthioi";"City";"Greek"
342;"Chrysogonos";"Male";"Greek";"Personal name";12596;12570;"156";"Perinthos-Herakleia";80156;"";"Perinthioi";"City";"Greek"
2189;"Aurelios";"Male";"Roman";"Personal name";12596;12570;"156";"Perinthos-Herakleia";80156;"";"Perinthioi";"City";"Greek"
2287;"Dionysios";"Male";"Greek";"Partner name";12596;12570;"156";"Perinthos-Herakleia";80156;"";"Perinthioi";"City";"Greek"
2236;"Kornoutos";"Male";"Roman";"Parent name";12620;12619;"162";"Perinthos-Herakleia";80162;"";"Perinthioi";"City";"Greek"
2189;"Aurelios";"Male";"Roman";"Personal name";12620;12619;"162";"Perinthos-Herakleia";80162;"";"Perinthioi";"City";"Greek"
2236;"Kornoutos";"Male";"Roman";"Personal name";12620;12619;"162";"Perinthos-Herakleia";80162;"";"Perinthioi";"City";"Greek"
7263;"Pauleina";"Female";"Roman";"Partner name";12620;12619;"162";"Perinthos-Herakleia";80162;"";"Perinthioi";"City";"Greek"
2189;"Aurelios";"Male";"Roman";"Personal name";12694;12693;"163";"Perinthos-Herakleia";80163;"";"Perinthioi";"City";"Greek"
6506;"Oualeria";"Female";"Roman";"Partner name";12694;12693;"163";"Perinthos-Herakleia";80163;"";"Perinthioi";"City";"Greek"
2176;"Markos";"Male";"Roman";"Personal name";12694;12693;"163";"Perinthos-Herakleia";80163;"";"Perinthioi";"City";"Greek"
2189;"Aurelios";"Male";"Roman";"Personal name";12705;12698;"164";"Perinthos-Herakleia";80164;"";"Perinthioi";"City";"Greek"
212;"Asklepiades";"Male";"Greek";"Parent name";12705;12698;"164";"Perinthos-Herakleia";80164;"";"Perinthioi";"City";"Greek"
3735;"Menianos";"Male";"Roman";"Personal name";12705;12698;"164";"Perinthos-Herakleia";80164;"";"Perinthioi";"City";"Greek"
1638;"Theodora";"Female";"Greek";"Partner name";12705;12698;"164";"Perinthos-Herakleia";80164;"";"Perinthioi";"City";"Greek"
12758;"Ploteinas";"Female";"Greek";"Personal name";12759;12730;"175";"Perinthos-Herakleia";80175;"";"Perinthioi";"City";"Greek"
12760;"Akakios";"Male";"Greek";"Personal name";12761;12731;"176";"Perinthos-Herakleia";80176;"";"Herakleiotes";"City";"Greek"
2189;"Aurelios";"Male";"Roman";"Personal name";12761;12731;"176";"Perinthos-Herakleia";80176;"";"Herakleiotes";"City";"Greek"
12762;"Eufrosoinos";"Male";"Greek";"Parent name";12763;12732;"177";"Perinthos-Herakleia";80177;"";"Hypepenos";"City";"Uncertain"
14;"Afrodeisios";"Male";"Greek";"Personal name";12763;12732;"177";"Perinthos-Herakleia";80177;"";"Hypepenos";"City";"Uncertain"
465;"Dionysia";"Female";"Greek";"Partner name";12763;12732;"177";"Perinthos-Herakleia";80177;"";"Hypepenos";"City";"Uncertain"
2189;"Aurelios";"Male";"Roman";"Personal name";12763;12732;"177";"Perinthos-Herakleia";80177;"";"Hypepenos";"City";"Uncertain"
12766;"Domnos";"Male";"Roman";"Personal name";12767;12733;"178";"Perinthos-Herakleia";80178;"";"Herakleotes";"City";"Greek"
2189;"Aurelios";"Male";"Roman";"Personal name";12767;12733;"178";"Perinthos-Herakleia";80178;"";"Herakleotes";"City";"Greek"
3935;"Asklepiodote";"Female";"Greek";"Partner name";12767;12733;"178";"Perinthos-Herakleia";80178;"";"Herakleotes";"City";"Greek"
1769;"Zotikos";"Male";"Greek";"Parent name";12767;12733;"178";"Perinthos-Herakleia";80178;"";"Herakleotes";"City";"Greek"
456;"Diogenes";"Male";"Greek";"Parent name";12773;12735;"180";"Perinthos-Herakleia";80180;"";"Herakleotes";"City";"Greek"
195;"Artemidora";"Female";"Greek";"Partner name";12773;12735;"180";"Perinthos-Herakleia";80180;"";"Herakleotes";"City";"Greek"
2452;"Markellos";"Male";"Roman";"Personal name";12773;12735;"180";"Perinthos-Herakleia";80180;"";"Herakleotes";"City";"Greek"
2189;"Aurelios";"Male";"Roman";"Personal name";12773;12735;"180";"Perinthos-Herakleia";80180;"";"Herakleotes";"City";"Greek"
887;"Kalandion";"Male";"Greek";"Personal name";12802;12741;"186";"Perinthos-Herakleia";80186;"";"Herakleiotes";"City";"Greek"
2211;"Flabios (Flaouios, Flavios)";"Male";"Roman";"Personal name";12802;12741;"186";"Perinthos-Herakleia";80186;"";"Herakleiotes";"City";"Greek"
12801;"Gemella";"Female";"Roman";"Partner name";12802;12741;"186";"Perinthos-Herakleia";80186;"";"Herakleiotes";"City";"Greek"
2211;"Flabios (Flaouios, Flavios)";"Male";"Roman";"Personal name";12805;12742;"187";"Perinthos-Herakleia";80187;"";"Herakleotes";"City";"Greek"
12804;"Roumanos (Romanus)";"Male";"Roman";"Personal name";12805;12742;"187";"Perinthos-Herakleia";80187;"";"Herakleotes";"City";"Greek"
1196;"Moukianos";"Male";"Thracian";"Personal name";12915;12909;"5856";"IG Bulg 5";75856;"";"Karros";"Region";"Greek"
2181;"Ailios";"Male";"Roman";"Personal name";12915;12909;"5856";"IG Bulg 5";75856;"";"Karros";"Region";"Greek"
456;"Diogenes";"Male";"Greek";"Personal name";13088;10801;"2236|5872";"IG Bulg 4";62236;"";"Tyrios";"City";"Greek"
13302;"Heranios";"Male";"Greek";"Personal name";13304;13301;"5346";"IG Bulg 5";75346;"";"Attikos";"Region";"Greek"
4399;"[?]s";"Ambiguous";"Uncertain";"Personal name";13304;13301;"5346";"IG Bulg 5";75346;"";"Attikos";"Region";"Greek"
2196;"Klaudios";"Male";"Roman";"Personal name";13470;13469;"5572";"IG Bulg 5";75572;"";"Syros";"Region";"Uncertain"
2178;"Tiberios";"Male";"Roman";"Personal name";13470;13469;"5572";"IG Bulg 5";75572;"";"Syros";"Region";"Uncertain"
2458;"Ioulios";"Male";"Roman";"Personal name";13929;13926;"10";"IK Sestos";90010;"";"Italos";"Region";""
2173;"Gaios";"Male";"Roman";"Personal name";13929;13926;"10";"IK Sestos";90010;"";"Italos";"Region";""
8137;"Klaudia";"Female";"Roman";"Partner name";13929;13926;"10";"IK Sestos";90010;"";"Italos";"Region";""
2179;"Titos";"Male";"Roman";"Personal name";13949;13947;"17";"IK Sestos";90017;"";"Laodikeos";"City";"Greek"
101;"Andronikos / Androneikos";"Male";"Greek";"Personal name";13949;13947;"17";"IK Sestos";90017;"";"Laodikeos";"City";"Greek"
2196;"Klaudios";"Male";"Roman";"Personal name";13949;13947;"17";"IK Sestos";90017;"";"Laodikeos";"City";"Greek"
565;"Epigenes";"Male";"Greek";"Personal name";13952;13950;"18";"IK Sestos";90018;"";"Herakleotes in Pontos";"City";"Greek"
6841;"Satorneios";"Male";"Roman";"Parent name";13952;13950;"18";"IK Sestos";90018;"";"Herakleotes in Pontos";"City";"Greek"
212;"Asklepiades";"Male";"Greek";"Personal name";14083;14080;"56";"IK Sestos";90056;"";"Lampsakenos";"City";"Greek"
850;"Hilaros/Ilaros";"Male";"Greek";"Parent name";14083;14080;"56";"IK Sestos";90056;"";"Lampsakenos";"City";"Greek"
12187;"Eudamos";"Male";"Greek";"Personal name";14165;14162;"1";"IK Byzantion";95001;"";"Seleukeios";"City";"Greek"
1241;"Nikon";"Male";"Greek";"Parent name";14165;14162;"1";"IK Byzantion";95001;"";"Seleukeios";"City";"Greek"
14174;"Orontas";"Male";"Greek";"Personal name";14177;14172;"3";"IK Byzantion";95003;"";"Olbiopolites";"City";"Greek"
14176;"Ababos";"Male";"Uncertain";"Parent name";14177;14172;"3";"IK Byzantion";95003;"";"Olbiopolites";"City";"Greek"
2173;"Gaios";"Male";"Roman";"Personal name";14318;14316;"34";"IK Byzantion";95034;"";"Italikos";"Region";""
2458;"Ioulios";"Male";"Roman";"Personal name";14318;14316;"34";"IK Byzantion";95034;"";"Italikos";"Region";""
196;"Artemidoros";"Female";"Greek";"Parent name";14405;14402;"72";"IK Byzantion";95072;"";"Kallatianos";"City";"Greek"
14403;"Faikon";"Male";"Greek";"Personal name";14405;14402;"72";"IK Byzantion";95072;"";"Kallatianos";"City";"Greek"
25;"Agathon";"Male";"Greek";"Parent name";14437;14435;"84";"IK Byzantion";95084;"";"Koos";"City";"Greek"
25;"Agathon";"Male";"Greek";"Personal name";14437;14435;"84";"IK Byzantion";95084;"";"Koos";"City";"Greek"
1640;"Theodoros";"Male";"Greek";"Personal name";14548;14545;"120";"IK Byzantion";95120;"";"Bithynoi";"Region";"Uncertain"
568;"Epikrates";"Male";"Greek";"Parent name";14548;14545;"120";"IK Byzantion";95120;"";"Bithynoi";"Region";"Uncertain"
7931;"Aulos";"Male";"Uncertain";"Personal name";15164;14732;"215";"IK Byzantion";95215;"";"Lydios";"Region";""
118;"Antigonos";"Male";"Greek";"Personal name";15227;14761;"242";"IK Byzantion";95242;"";"Byzantios";"City";"Greek"
15225;"Thallion";"Male";"Greek";"Personal name";15228;14761;"242";"IK Byzantion";95242;"";"Byzantios";"City";"Greek"
15239;"Teimo";"Female";"Greek";"Partner name";15238;14759;"248";"IK Byzantion";95248;"";"Neikaios";"City";"Greek"
318;"Chaireas";"Male";"Greek";"Parent name";15238;14759;"248";"IK Byzantion";95248;"";"Neikaios";"City";"Greek"
6688;"Apfos / Apfous";"Male";"Roman";"Personal name";15238;14759;"248";"IK Byzantion";95248;"";"Neikaios";"City";"Greek"
15339;"Martha";"Female";"Roman";"Personal name";15340;14814;"294";"IK Byzantion";95294;"";"Byzantios";"City";"Greek"
2188;"Aurelia";"Female";"Roman";"Personal name";15340;14814;"294";"IK Byzantion";95294;"";"Byzantios";"City";"Greek"
561;"Epafroditos";"Male";"Greek";"Personal name";15380;14835;"313";"IK Byzantion";95313;"";"Byzantios";"City";"Greek"
356;"Damas";"Male";"Greek";"Personal name";15388;14837;"315";"IK Byzantion";95315;"";"Bathoneus";"";"Uncertain"
2257;"Rhoufos (Roufos)";"Male";"Roman";"Parent name";15388;14837;"315";"IK Byzantion";95315;"";"Bathoneus";"";"Uncertain"
2189;"Aurelios";"Male";"Roman";"Personal name";15403;14839;"318";"IK Byzantion";95318;"";"Deuteras";"Other";"Greek"
2177;"Poplios";"Male";"Roman";"Personal name";15403;14839;"318";"IK Byzantion";95318;"";"Deuteras";"Other";"Greek"
1645;"Theofilos";"Male";"Greek";"Personal name";15403;14839;"318";"IK Byzantion";95318;"";"Deuteras";"Other";"Greek"
2173;"Gaios";"Male";"Roman";"Parent name";15405;14839;"318";"IK Byzantion";95318;"";"Kerameus";"Other";"Greek"
2189;"Aurelios";"Male";"Roman";"Personal name";15405;14839;"318";"IK Byzantion";95318;"";"Kerameus";"Other";"Greek"
214;"Asklepiodotos";"Male";"Greek";"Personal name";15405;14839;"318";"IK Byzantion";95318;"";"Kerameus";"Other";"Greek"
141;"Apollonios";"Male";"Greek";"Parent name";15408;14840;"319";"IK Byzantion";95319;"";"Philoktereas";"Other";"Greek"
2257;"Rhoufos (Roufos)";"Male";"Roman";"Personal name";15408;14840;"319";"IK Byzantion";95319;"";"Philoktereas";"Other";"Greek"
135;"Apollodoros";"Male";"Greek";"Parent name";15410;14840;"319";"IK Byzantion";95319;"";"Krateineas";"Other";"Greek"
6373;"Peison";"Male";"Roman";"Personal name";15410;14840;"319";"IK Byzantion";95319;"";"Krateineas";"Other";"Greek"
456;"Diogenes";"Male";"Greek";"Parent name";15412;14841;"320";"IK Byzantion";95320;"";"Kallichoriteus";"Other";"Greek"
1645;"Theofilos";"Male";"Greek";"Personal name";15412;14841;"320";"IK Byzantion";95320;"";"Kallichoriteus";"Other";"Greek"
2189;"Aurelios";"Male";"Roman";"Personal name";15412;14841;"320";"IK Byzantion";95320;"";"Kallichoriteus";"Other";"Greek"
340;"Chrysion";"Male";"Greek";"Personal name";15465;14869;"348";"IK Byzantion";95348;"";"Herakleotes";"City";"Greek"
15464;"Krateros";"Male";"Greek";"Partner name";15465;14869;"348";"IK Byzantion";95348;"";"Herakleotes";"City";"Greek"
568;"Epikrates";"Male";"Greek";"Parent name";15465;14869;"348";"IK Byzantion";95348;"";"Herakleotes";"City";"Greek"
2458;"Ioulios";"Male";"Roman";"Personal name";15471;14873;"352";"IK Byzantion";95352;"";"Byzantios";"City";"Greek"
2173;"Gaios";"Male";"Roman";"Personal name";15471;14873;"352";"IK Byzantion";95352;"";"Byzantios";"City";"Greek"
683;"Filippos";"Male";"Greek";"Personal name";15518;14899;"378";"IK Byzantion";95378;"";"Dionysias";"Other";"Greek"
1762;"Zopyros";"Male";"Greek";"Parent name";15518;14899;"378";"IK Byzantion";95378;"";"Dionysias";"Other";"Greek"
15641;"Parthenios";"Male";"Greek";"Personal name";15642;15626;"Gyuzelev 2013 15";"Other";100055;"";"Kyzikenos";"City";"Greek"
1150;"Metrodoros";"Male";"Greek";"Parent name";15642;15626;"Gyuzelev 2013 15";"Other";100055;"";"Kyzikenos";"City";"Greek"
1196;"Moukianos";"Male";"Thracian";"Parent name";16053;16033;"SEG 58:679";"Other";100268;"";"Rodopes";"Region";"Thracian"
816;"Hermogenes";"Male";"Greek";"Personal name";16053;16033;"SEG 58:679";"Other";100268;"";"Rodopes";"Region";"Thracian"
449;"Diodoros";"Male";"Greek";"Parent name";16076;16071;"SEG 58:686";"Other";100271;"";"Rodios/Rhodios";"City";"Greek"
16075;"Astragalos";"Male";"Greek";"Personal name";16076;16071;"SEG 58:686";"Other";100271;"";"Rodios/Rhodios";"City";"Greek"
2241;"Maximos";"Male";"Roman";"Personal name";16158;16152;"SEG 57:635";"Other";100302;"";"Apameias";"City";"Greek"
16231;"Theon";"Male";"Greek";"Personal name";16232;16230;"SEG 51:914";"Other";100338;"";"Herakleiotes";"City";"Greek"
12287;"Aristandros";"Male";"Greek";"Parent name";16232;16230;"SEG 51:914";"Other";100338;"";"Herakleiotes";"City";"Greek"
2173;"Gaios";"Male";"Roman";"Personal name";16307;16306;"Manov 2008 129";"Other";100144;"";"Skotoussaios Herakleotes";"City";"Thracian"
3713;"Oulpia";"Female";"Roman";"Grandparent name";16307;16306;"Manov 2008 129";"Other";100144;"";"Skotoussaios Herakleotes";"City";"Thracian"
2175;"Loukios";"Male";"Roman";"Parent name";16307;16306;"Manov 2008 129";"Other";100144;"";"Skotoussaios Herakleotes";"City";"Thracian"
562;"Epagathos";"Male";"Greek";"Personal name";16508;16501;"SEG 52:708";"Other";100378;"";"Kappadox";"Region";""
16506;"Kreispeinos";"Male";"Roman";"Personal name";16508;16501;"SEG 52:708";"Other";100378;"";"Kappadox";"Region";""
2175;"Loukios";"Male";"Roman";"Personal name";16508;16501;"SEG 52:708";"Other";100378;"";"Kappadox";"Region";""
228;"Athenodoros";"Male";"Greek";"Personal name";16537;16536;"SEG 49:865";"Other";100386;"";"Perinthioi";"City";"Greek"
140;"Apollonides";"Male";"Greek";"Parent name";16537;16536;"SEG 49:865";"Other";100386;"";"Perinthioi";"City";"Greek"
1476;"Seuthes";"Male";"Thracian";"Parent name";16552;16543;"SEG 49:884";"Other";100392;"";"Prianeus";"City";"Greek"
8183;"Hebryzelmis";"Male";"Thracian";"Personal name";16552;16543;"SEG 49:884";"Other";100392;"";"Prianeus";"City";"Greek"
213;"Asklepiodoros";"Male";"Greek";"Personal name";16609;9729;"2056";"IG Bulg 4";62056;"";"Herakleotes";"City";"Greek"
